page,text,confidence,x,y
1,May,0.9234257,0.00851063829787234,0.011342155009451797
1,May,0.9234257,0.0425531914893617,0.011342155009451797
1,May,0.9234257,0.0425531914893617,0.03780718336483932
1,May,0.9234257,0.00851063829787234,0.03780718336483932
1,3,0.9234257,0.045744680851063826,0.011342155009451797
1,3,0.9234257,0.05638297872340425,0.011342155009451797
1,3,0.9234257,0.05638297872340425,0.03780718336483932
1,3,0.9234257,0.045744680851063826,0.03780718336483932
1,May,0.9384263,0.18829787234042553,0.011342155009451797
1,May,0.9384263,0.22127659574468084,0.011342155009451797
1,May,0.9384263,0.22127659574468084,0.03780718336483932
1,May,0.9384263,0.18829787234042553,0.03780718336483932
1,3,0.9384263,0.225531914893617,0.011342155009451797
1,3,0.9384263,0.23617021276595745,0.011342155009451797
1,3,0.9384263,0.23617021276595745,0.03780718336483932
1,3,0.9384263,0.225531914893617,0.03780718336483932
1,Olympic,0.955067,0.35851063829787233,0.013232514177693762
1,Olympic,0.955067,0.42021276595744683,0.013232514177693762
1,Olympic,0.955067,0.42021276595744683,0.034026465028355386
1,Olympic,0.955067,0.35851063829787233,0.034026465028355386
1,Village-Rds,0.955067,0.4276595744680851,0.013232514177693762
1,Village-Rds,0.955067,0.5191489361702127,0.013232514177693762
1,Village-Rds,0.955067,0.5191489361702127,0.034026465028355386
1,Village-Rds,0.955067,0.4276595744680851,0.034026465028355386
1,Lipa,0.955067,0.5234042553191489,0.013232514177693762
1,Lipa,0.955067,0.5595744680851064,0.013232514177693762
1,Lipa,0.955067,0.5595744680851064,0.034026465028355386
1,Lipa,0.955067,0.5234042553191489,0.034026465028355386
1,:,0.955067,0.5638297872340425,0.013232514177693762
1,:,0.955067,0.573404255319149,0.013232514177693762
1,:,0.955067,0.573404255319149,0.034026465028355386
1,:,0.955067,0.5638297872340425,0.034026465028355386
1,04/12,0.955067,0.574468085106383,0.013232514177693762
1,04/12,0.955067,0.6202127659574468,0.013232514177693762
1,04/12,0.955067,0.6202127659574468,0.034026465028355386
1,04/12,0.955067,0.574468085106383,0.034026465028355386
1,"1,987.17",0.9869274,0.8914893617021277,0.013232514177693762
1,"1,987.17",0.9869274,0.9606382978723405,0.013232514177693762
1,"1,987.17",0.9869274,0.9606382978723405,0.035916824196597356
1,"1,987.17",0.9869274,0.8914893617021277,0.035916824196597356
1,May,0.9967949,0.00851063829787234,0.04914933837429111
1,May,0.9967949,0.0425531914893617,0.04914933837429111
1,May,0.9967949,0.0425531914893617,0.07372400756143667
1,May,0.9967949,0.00851063829787234,0.07372400756143667
1,3,0.9967949,0.045744680851063826,0.04914933837429111
1,3,0.9967949,0.05638297872340425,0.04914933837429111
1,3,0.9967949,0.05638297872340425,0.07372400756143667
1,3,0.9967949,0.045744680851063826,0.07372400756143667
1,May,0.92228585,0.18723404255319148,0.04725897920604915
1,May,0.92228585,0.22127659574468084,0.04725897920604915
1,May,0.92228585,0.22127659574468084,0.07372400756143667
1,May,0.92228585,0.18723404255319148,0.07372400756143667
1,3,0.92228585,0.225531914893617,0.04725897920604915
1,3,0.92228585,0.2372340425531915,0.04725897920604915
1,3,0.92228585,0.2372340425531915,0.07372400756143667
1,3,0.92228585,0.225531914893617,0.07372400756143667
1,Abenson-Ecipp24m,0.99821997,0.3574468085106383,0.05103969754253308
1,Abenson-Ecipp24m,0.99821997,0.5074468085106383,0.05103969754253308
1,Abenson-Ecipp24m,0.99821997,0.5074468085106383,0.07183364839319471
1,Abenson-Ecipp24m,0.99821997,0.3574468085106383,0.07183364839319471
1,Reg,0.99821997,0.5180851063829788,0.05103969754253308
1,Reg,0.99821997,0.5531914893617021,0.05103969754253308
1,Reg,0.99821997,0.5531914893617021,0.07183364839319471
1,Reg,0.99821997,0.5180851063829788,0.07183364839319471
1,:,0.9608001,0.5797872340425532,0.04914933837429111
1,:,0.9608001,0.5861702127659575,0.04914933837429111
1,:,0.9608001,0.5861702127659575,0.06805293005671077
1,:,0.9608001,0.5797872340425532,0.06805293005671077
1,01/24,0.9608001,0.5882978723404255,0.04914933837429111
1,01/24,0.9608001,0.6329787234042553,0.04914933837429111
1,01/24,0.9608001,0.6329787234042553,0.06805293005671077
1,01/24,0.9608001,0.5882978723404255,0.06805293005671077
1,"2,916.58",0.9845077,0.8904255319148936,0.04914933837429111
1,"2,916.58",0.9845077,0.9606382978723405,0.04914933837429111
1,"2,916.58",0.9845077,0.9606382978723405,0.07183364839319471
1,"2,916.58",0.9845077,0.8904255319148936,0.07183364839319471
1,May,0.9234257,0.00851063829787234,0.0831758034026465
1,May,0.9234257,0.0425531914893617,0.0831758034026465
1,May,0.9234257,0.0425531914893617,0.10964083175803403
1,May,0.9234257,0.00851063829787234,0.10964083175803403
1,3,0.9234257,0.045744680851063826,0.0831758034026465
1,3,0.9234257,0.05638297872340425,0.0831758034026465
1,3,0.9234257,0.05638297872340425,0.10964083175803403
1,3,0.9234257,0.045744680851063826,0.10964083175803403
1,May,0.9966631,0.18617021276595744,0.08128544423440454
1,May,0.9966631,0.22127659574468084,0.08128544423440454
1,May,0.9966631,0.22127659574468084,0.10964083175803403
1,May,0.9966631,0.18617021276595744,0.10964083175803403
1,3,0.9966631,0.225531914893617,0.08128544423440454
1,3,0.9966631,0.23617021276595745,0.08128544423440454
1,3,0.9966631,0.23617021276595745,0.10964083175803403
1,3,0.9966631,0.225531914893617,0.10964083175803403
1,Bpi,0.98696816,0.3574468085106383,0.08506616257088846
1,Bpi,0.98696816,0.3840425531914894,0.08506616257088846
1,Bpi,0.98696816,0.3840425531914894,0.10586011342155009
1,Bpi,0.98696816,0.3574468085106383,0.10586011342155009
1,Ms-Lipa,0.98696816,0.3861702127659574,0.08506616257088846
1,Ms-Lipa,0.98696816,0.44893617021276594,0.08506616257088846
1,Ms-Lipa,0.98696816,0.44893617021276594,0.10586011342155009
1,Ms-Lipa,0.98696816,0.3861702127659574,0.10586011342155009
1,Mki,0.98696816,0.4553191489361702,0.08506616257088846
1,Mki,0.98696816,0.48404255319148937,0.08506616257088846
1,Mki,0.98696816,0.48404255319148937,0.10586011342155009
1,Mki,0.98696816,0.4553191489361702,0.10586011342155009
1,:,0.9529014,0.5393617021276595,0.0831758034026465
1,:,0.9529014,0.5457446808510639,0.0831758034026465
1,:,0.9529014,0.5457446808510639,0.10586011342155009
1,:,0.9529014,0.5393617021276595,0.10586011342155009
1,09/12,0.9529014,0.5468085106382978,0.0831758034026465
1,09/12,0.9529014,0.5936170212765958,0.0831758034026465
1,09/12,0.9529014,0.5936170212765958,0.10586011342155009
1,09/12,0.9529014,0.5468085106382978,0.10586011342155009
1,"3,335.97",0.98064977,0.8904255319148936,0.08506616257088846
1,"3,335.97",0.98064977,0.9606382978723405,0.08506616257088846
1,"3,335.97",0.98064977,0.9606382978723405,0.10775047258979206
1,"3,335.97",0.98064977,0.8904255319148936,0.10775047258979206
1,May,0.9234257,0.00851063829787234,0.12098298676748583
1,May,0.9234257,0.0425531914893617,0.12098298676748583
1,May,0.9234257,0.0425531914893617,0.14744801512287334
1,May,0.9234257,0.00851063829787234,0.14744801512287334
1,3,0.9234257,0.045744680851063826,0.12098298676748583
1,3,0.9234257,0.05638297872340425,0.12098298676748583
1,3,0.9234257,0.05638297872340425,0.14744801512287334
1,3,0.9234257,0.045744680851063826,0.14744801512287334
1,May,0.91078395,0.18723404255319148,0.11909262759924386
1,May,0.91078395,0.22234042553191488,0.11909262759924386
1,May,0.91078395,0.22234042553191488,0.14744801512287334
1,May,0.91078395,0.18723404255319148,0.14744801512287334
1,3,0.91078395,0.225531914893617,0.11909262759924386
1,3,0.91078395,0.2372340425531915,0.11909262759924386
1,3,0.91078395,0.2372340425531915,0.14744801512287334
1,3,0.91078395,0.225531914893617,0.14744801512287334
1,Balance,0.9628558,0.35851063829787233,0.12476370510396975
1,Balance,0.9628558,0.41702127659574467,0.12476370510396975
1,Balance,0.9628558,0.41702127659574467,0.14177693761814744
1,Balance,0.9628558,0.35851063829787233,0.14177693761814744
1,Conversion,0.9628558,0.42659574468085104,0.12476370510396975
1,Conversion,0.9628558,0.5127659574468085,0.12476370510396975
1,Conversion,0.9628558,0.5127659574468085,0.14177693761814744
1,Conversion,0.9628558,0.42659574468085104,0.14177693761814744
1,3,0.9628558,0.5223404255319148,0.12476370510396975
1,3,0.9628558,0.5329787234042553,0.12476370510396975
1,3,0.9628558,0.5329787234042553,0.14177693761814744
1,3,0.9628558,0.5223404255319148,0.14177693761814744
1,:,0.9697677,0.5574468085106383,0.12098298676748583
1,:,0.9697677,0.5691489361702128,0.12098298676748583
1,:,0.9697677,0.5691489361702128,0.14366729678638943
1,:,0.9697677,0.5574468085106383,0.14366729678638943
1,01/06,0.9697677,0.5702127659574469,0.12098298676748583
1,01/06,0.9697677,0.6138297872340426,0.12098298676748583
1,01/06,0.9697677,0.6138297872340426,0.14366729678638943
1,01/06,0.9697677,0.5702127659574469,0.14366729678638943
1,"2,635.99",0.97546923,0.8904255319148936,0.12287334593572778
1,"2,635.99",0.97546923,0.9606382978723405,0.12287334593572778
1,"2,635.99",0.97546923,0.9606382978723405,0.14555765595463138
1,"2,635.99",0.97546923,0.8904255319148936,0.14555765595463138
1,May,0.9967949,0.00851063829787234,0.15879017013232513
1,May,0.9967949,0.0425531914893617,0.15879017013232513
1,May,0.9967949,0.0425531914893617,0.1833648393194707
1,May,0.9967949,0.00851063829787234,0.1833648393194707
1,3,0.9967949,0.045744680851063826,0.15879017013232513
1,3,0.9967949,0.05638297872340425,0.15879017013232513
1,3,0.9967949,0.05638297872340425,0.1833648393194707
1,3,0.9967949,0.045744680851063826,0.1833648393194707
1,May,0.9283311,0.18829787234042553,0.15311909262759923
1,May,0.9283311,0.22164434879384143,0.1556953761888587
1,May,0.9283311,0.22132763152426863,0.18401241482768932
1,May,0.9283311,0.18730187923350233,0.18143600146576677
1,3,0.9283311,0.22580418688185672,0.1560167626307006
1,3,0.9283311,0.2361955520954538,0.1568195797319899
1,3,0.9283311,0.23617446574758977,0.18513660394852463
1,3,0.9283311,0.2255720260295462,0.18433378684723534
1,Credit-To-Cash,0.93355584,0.3574468085106383,0.15879017013232513
1,Credit-To-Cash,0.93355584,0.4765957446808511,0.15879017013232513
1,Credit-To-Cash,0.93355584,0.4765957446808511,0.17958412098298676
1,Credit-To-Cash,0.93355584,0.3574468085106383,0.17958412098298676
1,4,0.93355584,0.4829787234042553,0.15879017013232513
1,4,0.93355584,0.49361702127659574,0.15879017013232513
1,4,0.93355584,0.49361702127659574,0.17958412098298676
1,4,0.93355584,0.4829787234042553,0.17958412098298676
1,-,0.93355584,0.498936170212766,0.15879017013232513
1,-,0.93355584,0.5085106382978724,0.15879017013232513
1,-,0.93355584,0.5085106382978724,0.17958412098298676
1,-,0.93355584,0.498936170212766,0.17958412098298676
1,Reg,0.93355584,0.5106382978723404,0.15879017013232513
1,Reg,0.93355584,0.5436170212765957,0.15879017013232513
1,Reg,0.93355584,0.5436170212765957,0.17958412098298676
1,Reg,0.93355584,0.5106382978723404,0.17958412098298676
1,:,0.93355584,0.5585106382978723,0.15879017013232513
1,:,0.93355584,0.5680851063829787,0.15879017013232513
1,:,0.93355584,0.5680851063829787,0.17958412098298676
1,:,0.93355584,0.5585106382978723,0.17958412098298676
1,15/36,0.93355584,0.5702127659574469,0.15879017013232513
1,15/36,0.93355584,0.6148936170212767,0.15879017013232513
1,15/36,0.93355584,0.6148936170212767,0.17958412098298676
1,15/36,0.93355584,0.5702127659574469,0.17958412098298676
1,"7,340.66",0.9968857,0.8904255319148936,0.15879017013232513
1,"7,340.66",0.9968857,0.9606382978723405,0.15879017013232513
1,"7,340.66",0.9968857,0.9606382978723405,0.18147448015122875
1,"7,340.66",0.9968857,0.8904255319148936,0.18147448015122875
1,May,0.9967949,0.00851063829787234,0.1947069943289225
1,May,0.9967949,0.0425531914893617,0.1947069943289225
1,May,0.9967949,0.0425531914893617,0.21928166351606806
1,May,0.9967949,0.00851063829787234,0.21928166351606806
1,3,0.9967949,0.045744680851063826,0.1947069943289225
1,3,0.9967949,0.05638297872340425,0.1947069943289225
1,3,0.9967949,0.05638297872340425,0.21928166351606806
1,3,0.9967949,0.045744680851063826,0.21928166351606806
1,May,0.9114116,0.18723404255319148,0.19092627599243855
1,May,0.9114116,0.22127659574468084,0.19221333610087576
1,May,0.9114116,0.22127659574468084,0.22056872362450525
1,May,0.9114116,0.18723404255319148,0.21928166351606806
1,3,0.9114116,0.225531914893617,0.19237421681164343
1,3,0.9114116,0.23617021276595745,0.19277641137741464
1,3,0.9114116,0.23617021276595745,0.22113179890104412
1,3,0.9114116,0.225531914893617,0.22072960433527292
1,Credit-To-Cash,0.9427526,0.3574468085106383,0.1947069943289225
1,Credit-To-Cash,0.9427526,0.4765957446808511,0.1947069943289225
1,Credit-To-Cash,0.9427526,0.4765957446808511,0.21550094517958412
1,Credit-To-Cash,0.9427526,0.3574468085106383,0.21550094517958412
1,3,0.9427526,0.4829787234042553,0.1947069943289225
1,3,0.9427526,0.49361702127659574,0.1947069943289225
1,3,0.9427526,0.49361702127659574,0.21550094517958412
1,3,0.9427526,0.4829787234042553,0.21550094517958412
1,-,0.9427526,0.498936170212766,0.1947069943289225
1,-,0.9427526,0.5085106382978724,0.1947069943289225
1,-,0.9427526,0.5085106382978724,0.21550094517958412
1,-,0.9427526,0.498936170212766,0.21550094517958412
1,Reg,0.9427526,0.5106382978723404,0.1947069943289225
1,Reg,0.9427526,0.5436170212765957,0.1947069943289225
1,Reg,0.9427526,0.5436170212765957,0.21550094517958412
1,Reg,0.9427526,0.5106382978723404,0.21550094517958412
1,:,0.9427526,0.5574468085106383,0.1947069943289225
1,:,0.9427526,0.5680851063829787,0.1947069943289225
1,:,0.9427526,0.5680851063829787,0.21550094517958412
1,:,0.9427526,0.5574468085106383,0.21550094517958412
1,07/36,0.9427526,0.5691489361702128,0.1947069943289225
1,07/36,0.9427526,0.6148936170212767,0.1947069943289225
1,07/36,0.9427526,0.6148936170212767,0.21550094517958412
1,07/36,0.9427526,0.5691489361702128,0.21550094517958412
1,"7,534.52",0.97670627,0.8904255319148936,0.1947069943289225
1,"7,534.52",0.97670627,0.9606382978723405,0.1947069943289225
1,"7,534.52",0.97670627,0.9606382978723405,0.21739130434782608
1,"7,534.52",0.97670627,0.8904255319148936,0.21739130434782608
1,May,0.9967949,0.00851063829787234,0.23251417769376181
1,May,0.9967949,0.0425531914893617,0.23251417769376181
1,May,0.9967949,0.0425531914893617,0.2570888468809074
1,May,0.9967949,0.00851063829787234,0.2570888468809074
1,3,0.9967949,0.045744680851063826,0.23251417769376181
1,3,0.9967949,0.05638297872340425,0.23251417769376181
1,3,0.9967949,0.05638297872340425,0.2570888468809074
1,3,0.9967949,0.045744680851063826,0.2570888468809074
1,May,0.9976963,0.18829787234042553,0.23251417769376181
1,May,0.9976963,0.22127659574468084,0.23251417769376181
1,May,0.9976963,0.22127659574468084,0.2570888468809074
1,May,0.9976963,0.18829787234042553,0.2570888468809074
1,3,0.9976963,0.225531914893617,0.23251417769376181
1,3,0.9976963,0.23617021276595745,0.23251417769376181
1,3,0.9976963,0.23617021276595745,0.2570888468809074
1,3,0.9976963,0.225531914893617,0.2570888468809074
1,Credit-To-Cash,0.98736715,0.3574468085106383,0.23440453686200377
1,Credit-To-Cash,0.98736715,0.4765957446808511,0.23440453686200377
1,Credit-To-Cash,0.98736715,0.4765957446808511,0.2514177693761815
1,Credit-To-Cash,0.98736715,0.3574468085106383,0.2514177693761815
1,4,0.98736715,0.4851063829787234,0.23440453686200377
1,4,0.98736715,0.4925531914893617,0.23440453686200377
1,4,0.98736715,0.4925531914893617,0.2514177693761815
1,4,0.98736715,0.4851063829787234,0.2514177693761815
1,:,0.9519152,0.5436170212765957,0.23251417769376181
1,:,0.9519152,0.5521276595744681,0.23251417769376181
1,:,0.9519152,0.5521276595744681,0.2533081285444234
1,:,0.9519152,0.5436170212765957,0.2533081285444234
1,15/36,0.9519152,0.5542553191489362,0.23251417769376181
1,15/36,0.9519152,0.597872340425532,0.23251417769376181
1,15/36,0.9519152,0.597872340425532,0.2533081285444234
1,15/36,0.9519152,0.5542553191489362,0.2533081285444234
1,"9,495.72",0.91031325,0.8904255319148936,0.23251417769376181
1,"9,495.72",0.91031325,0.9606382978723405,0.23251417769376181
1,"9,495.72",0.91031325,0.9606382978723405,0.2551984877126654
1,"9,495.72",0.91031325,0.8904255319148936,0.2551984877126654
1,May,0.9963523,0.007446808510638298,0.2684310018903592
1,May,0.9963523,0.04217415261775889,0.26580510563120274
1,May,0.9963523,0.042852206940346575,0.2935834859404537
1,May,0.9963523,0.007446808510638298,0.294981179480742
1,3,0.9963523,0.04431946125436336,0.2656429124915082
1,3,0.9963523,0.05633582663028798,0.26473427900519847
1,3,0.9963523,0.05730830253438746,0.2930127956916795
1,3,0.9963523,0.045041449526523024,0.2934970675434192
1,May,0.90890753,0.18723404255319148,0.2665406427221172
1,May,0.90890753,0.22127659574468084,0.2665406427221172
1,May,0.90890753,0.22127659574468084,0.29300567107750475
1,May,0.90890753,0.18723404255319148,0.29300567107750475
1,3,0.90890753,0.225531914893617,0.2665406427221172
1,3,0.90890753,0.23617021276595745,0.2665406427221172
1,3,0.90890753,0.23617021276595745,0.29300567107750475
1,3,0.90890753,0.225531914893617,0.29300567107750475
1,Huawei-Robinsons,0.961985,0.3574468085106383,0.27032136105860116
1,Huawei-Robinsons,0.961985,0.5053191489361702,0.27032136105860116
1,Huawei-Robinsons,0.961985,0.5053191489361702,0.2892249527410208
1,Huawei-Robinsons,0.961985,0.3574468085106383,0.2892249527410208
1,Lipa,0.961985,0.5117021276595745,0.27032136105860116
1,Lipa,0.961985,0.55,0.27032136105860116
1,Lipa,0.961985,0.55,0.2892249527410208
1,Lipa,0.961985,0.5117021276595745,0.2892249527410208
1,:,0.9786228,0.5691489361702128,0.27032136105860116
1,:,0.9786228,0.5765957446808511,0.27032136105860116
1,:,0.9786228,0.5765957446808511,0.28733459357277885
1,:,0.9786228,0.5691489361702128,0.28733459357277885
1,01/03,0.9786228,0.5840425531914893,0.27032136105860116
1,01/03,0.9786228,0.6223404255319149,0.27032136105860116
1,01/03,0.9786228,0.6223404255319149,0.28733459357277885
1,01/03,0.9786228,0.5840425531914893,0.28733459357277885
1,"2,999.67",0.9692138,0.8904255319148936,0.2684310018903592
1,"2,999.67",0.9692138,0.9606382978723405,0.2684310018903592
1,"2,999.67",0.9692138,0.9606382978723405,0.29111531190926276
1,"2,999.67",0.9692138,0.8904255319148936,0.29111531190926276
1,April,0.9666411,0.007446808510638298,0.30434782608695654
1,April,0.9666411,0.04680851063829787,0.30434782608695654
1,April,0.9666411,0.04680851063829787,0.32892249527410206
1,April,0.9666411,0.007446808510638298,0.32892249527410206
1,2,0.9666411,0.04893617021276596,0.30434782608695654
1,2,0.9666411,0.05851063829787234,0.30434782608695654
1,2,0.9666411,0.05851063829787234,0.32892249527410206
1,2,0.9666411,0.04893617021276596,0.32892249527410206
1,April,0.997475,0.18723404255319148,0.30245746691871456
1,April,0.997475,0.22659574468085106,0.30245746691871456
1,April,0.997475,0.22659574468085106,0.3270321361058601
1,April,0.997475,0.18723404255319148,0.3270321361058601
1,8,0.997475,0.22872340425531915,0.30245746691871456
1,8,0.997475,0.2393617021276596,0.30245746691871456
1,8,0.997475,0.2393617021276596,0.3270321361058601
1,8,0.997475,0.22872340425531915,0.3270321361058601
1,Agoda.Com,0.9612501,0.3404255319148936,0.30434782608695654
1,Agoda.Com,0.9612501,0.42872340425531913,0.30434782608695654
1,Agoda.Com,0.9612501,0.42872340425531913,0.32514177693761814
1,Agoda.Com,0.9612501,0.3404255319148936,0.32514177693761814
1,St,0.9612501,0.43936170212765957,0.30434782608695654
1,St,0.9612501,0.46063829787234045,0.30434782608695654
1,St,0.9612501,0.46063829787234045,0.32514177693761814
1,St,0.9612501,0.43936170212765957,0.32514177693761814
1,Giles,0.9612501,0.4627659574468085,0.30434782608695654
1,Giles,0.9612501,0.5042553191489362,0.30434782608695654
1,Giles,0.9612501,0.5042553191489362,0.32514177693761814
1,Giles,0.9612501,0.4627659574468085,0.32514177693761814
1,M,0.9612501,0.5085106382978724,0.30434782608695654
1,M,0.9612501,0.5234042553191489,0.30434782608695654
1,M,0.9612501,0.5234042553191489,0.32514177693761814
1,M,0.9612501,0.5085106382978724,0.32514177693761814
1,Internet,0.9971304,0.5521276595744681,0.30245746691871456
1,Internet,0.9971304,0.6138297872340426,0.30434782608695654
1,Internet,0.9971304,0.6138297872340426,0.3270321361058601
1,Internet,0.9971304,0.551063829787234,0.32514177693761814
1,"2,344.64",0.9784576,0.8904255319148936,0.30434782608695654
1,"2,344.64",0.9784576,0.9606382978723405,0.30434782608695654
1,"2,344.64",0.9784576,0.9606382978723405,0.3270321361058601
1,"2,344.64",0.9784576,0.8904255319148936,0.3270321361058601
1,April,0.91904783,0.007446808510638298,0.34026465028355385
1,April,0.91904783,0.04680851063829787,0.34026465028355385
1,April,0.91904783,0.04680851063829787,0.3648393194706994
1,April,0.91904783,0.007446808510638298,0.3648393194706994
1,9,0.91904783,0.04893617021276596,0.34026465028355385
1,9,0.91904783,0.05851063829787234,0.34026465028355385
1,9,0.91904783,0.05851063829787234,0.3648393194706994
1,9,0.91904783,0.04893617021276596,0.3648393194706994
1,April,0.998543,0.18829787234042553,0.34026465028355385
1,April,0.998543,0.2276595744680851,0.34026465028355385
1,April,0.998543,0.2276595744680851,0.3629489603024575
1,April,0.998543,0.18829787234042553,0.3629489603024575
1,10,0.998543,0.22872340425531915,0.34026465028355385
1,10,0.998543,0.2478723404255319,0.34026465028355385
1,10,0.998543,0.2478723404255319,0.3629489603024575
1,10,0.998543,0.22872340425531915,0.3629489603024575
1,Puregold,0.9902115,0.3425531914893617,0.34215500945179583
1,Puregold,0.9902115,0.4085106382978723,0.34215500945179583
1,Puregold,0.9902115,0.4085106382978723,0.3629489603024575
1,Puregold,0.9902115,0.3425531914893617,0.3629489603024575
1,Rosario,0.9902115,0.41702127659574467,0.34215500945179583
1,Rosario,0.9902115,0.4787234042553192,0.34215500945179583
1,Rosario,0.9902115,0.4787234042553192,0.3629489603024575
1,Rosario,0.9902115,0.41702127659574467,0.3629489603024575
1,Batangas,0.9998137,0.5276595744680851,0.3383742911153119
1,Batangas,0.9998137,0.6031914893617021,0.34215500945179583
1,Batangas,0.9998137,0.6031914893617021,0.3648393194706994
1,Batangas,0.9998137,0.5276595744680851,0.3629489603024575
1,"7,689.55",0.96749544,0.8904255319148936,0.34026465028355385
1,"7,689.55",0.96749544,0.9606382978723405,0.34026465028355385
1,"7,689.55",0.96749544,0.9606382978723405,0.3629489603024575
1,"7,689.55",0.96749544,0.8904255319148936,0.3629489603024575
1,April,0.99171066,0.007446808510638298,0.3780718336483932
1,April,0.99171066,0.049077159800428025,0.37552099101710185
1,April,0.99171066,0.049077159800428025,0.40141206968484167
1,April,0.99171066,0.007446808510638298,0.40277252485711545
1,11,0.99171066,0.049077159800428025,0.37552099101710185
1,11,0.99171066,0.06801052093505859,0.374360861534883
1,11,0.99171066,0.06801052093505859,0.4007933531907195
1,11,0.99171066,0.049077159800428025,0.40141206968484167
1,April,0.9985745,0.18829787234042553,0.3780718336483932
1,April,0.9985745,0.2276595744680851,0.3780718336483932
1,April,0.9985745,0.2276595744680851,0.4007561436672968
1,April,0.9985745,0.18829787234042553,0.4007561436672968
1,12,0.9985745,0.2276595744680851,0.3780718336483932
1,12,0.9985745,0.2478723404255319,0.3780718336483932
1,12,0.9985745,0.2478723404255319,0.4007561436672968
1,12,0.9985745,0.2276595744680851,0.4007561436672968
1,Lazada,0.9647485,0.3393617021276596,0.3780718336483932
1,Lazada,0.9647485,0.3972849095121343,0.3768011428458028
1,Lazada,0.9647485,0.3972849095121343,0.39831251638372817
1,Lazada,0.9647485,0.3393617021276596,0.4007561436672968
1,Ph,0.9647485,0.4014142949530419,0.3767105419829572
1,Ph,0.9647485,0.42454898915392286,0.37620305023481804
1,Ph,0.9647485,0.42454898915392286,0.3971623094410887
1,Ph,0.9647485,0.4014142949530419,0.39813829504925274
1,Makati,0.94744736,0.5106382978723404,0.3780718336483932
1,Makati,0.94744736,0.5638297872340425,0.3780718336483932
1,Makati,0.94744736,0.5638297872340425,0.4007561436672968
1,Makati,0.94744736,0.5106382978723404,0.4007561436672968
1,678.50,0.93717927,0.9053191489361702,0.3780718336483932
1,678.50,0.93717927,0.9606382978723405,0.3780718336483932
1,678.50,0.93717927,0.9606382978723405,0.4007561436672968
1,678.50,0.93717927,0.9053191489361702,0.4007561436672968
1,April,0.95589775,0.007446808510638298,0.41398865784499056
1,April,0.95589775,0.06063829787234042,0.4123590249420339
1,April,0.95589775,0.06063829787234042,0.4369336941291795
1,April,0.95589775,0.007446808510638298,0.43856332703213613
1,11,0.95589775,0.06063829787234042,0.4123590249420339
1,11,0.95589775,0.06808510638297872,0.41213089306548323
1,11,0.95589775,0.06808510638297872,0.4367055622526288
1,11,0.95589775,0.06063829787234042,0.4369336941291795
1,April,0.952549,0.18829787234042553,0.41398865784499056
1,April,0.952549,0.22659574468085106,0.41398865784499056
1,April,0.952549,0.22659574468085106,0.43478260869565216
1,April,0.952549,0.18829787234042553,0.43478260869565216
1,12,0.952549,0.22872340425531915,0.41398865784499056
1,12,0.952549,0.2478723404255319,0.41398865784499056
1,12,0.952549,0.2478723404255319,0.43478260869565216
1,12,0.952549,0.22872340425531915,0.43478260869565216
1,Lazada,0.9867526,0.3414893617021277,0.41398865784499056
1,Lazada,0.9867526,0.39574468085106385,0.41398865784499056
1,Lazada,0.9867526,0.39574468085106385,0.43478260869565216
1,Lazada,0.9867526,0.3414893617021277,0.43478260869565216
1,Ph,0.9867526,0.4021276595744681,0.41398865784499056
1,Ph,0.9867526,0.42446808510638295,0.41398865784499056
1,Ph,0.9867526,0.42446808510638295,0.43478260869565216
1,Ph,0.9867526,0.4021276595744681,0.43478260869565216
1,Makati,0.9993605,0.5106382978723404,0.4120982986767486
1,Makati,0.9993605,0.5638297872340425,0.4120982986767486
1,Makati,0.9993605,0.5638297872340425,0.43667296786389415
1,Makati,0.9993605,0.5106382978723404,0.43667296786389415
1,"3,401.98",0.894497,0.8904255319148936,0.4120982986767486
1,"3,401.98",0.894497,0.9606382978723405,0.4158790170132325
1,"3,401.98",0.894497,0.9606382978723405,0.43856332703213613
1,"3,401.98",0.894497,0.8904255319148936,0.43667296786389415
1,April,0.9960212,0.00851063829787234,0.4499054820415879
1,April,0.9960212,0.04893617021276596,0.4499054820415879
1,April,0.9960212,0.04893617021276596,0.4725897920604915
1,April,0.9960212,0.00851063829787234,0.4725897920604915
1,11,0.9960212,0.05,0.4499054820415879
1,11,0.9960212,0.06702127659574468,0.4499054820415879
1,11,0.9960212,0.06702127659574468,0.4725897920604915
1,11,0.9960212,0.05,0.4725897920604915
1,April,0.9967967,0.18723404255319148,0.4499054820415879
1,April,0.9967967,0.22828617501766124,0.44743269287570886
1,April,0.9967967,0.22828617501766124,0.4732873696685964
1,April,0.9967967,0.18723404255319148,0.4746061732503101
1,12,0.9967967,0.22828617501766124,0.44743269287570886
1,12,0.9967967,0.24886156447390292,0.4461933272998139
1,12,0.9967967,0.24886156447390292,0.4726263670028946
1,12,0.9967967,0.22828617501766124,0.4732873696685964
1,Cebu,0.92784905,0.3404255319148936,0.4499054820415879
1,Cebu,0.92784905,0.37872340425531914,0.4499054820415879
1,Cebu,0.92784905,0.37872340425531914,0.4706994328922495
1,Cebu,0.92784905,0.3404255319148936,0.4706994328922495
1,Air,0.92784905,0.3851063829787234,0.4499054820415879
1,Air,0.92784905,0.4127659574468085,0.4499054820415879
1,Air,0.92784905,0.4127659574468085,0.4706994328922495
1,Air,0.92784905,0.3851063829787234,0.4706994328922495
1,Inc,0.92784905,0.41382978723404257,0.4499054820415879
1,Inc,0.92784905,0.43936170212765957,0.4499054820415879
1,Inc,0.92784905,0.43936170212765957,0.4706994328922495
1,Inc,0.92784905,0.41382978723404257,0.4706994328922495
1,Https://Www.C,0.9888039,0.5095744680851064,0.4499054820415879
1,Https://Www.C,0.9888039,0.6287234042553191,0.4499054820415879
1,Https://Www.C,0.9888039,0.6287234042553191,0.47448015122873344
1,Https://Www.C,0.9888039,0.5085106382978724,0.4725897920604915
1,"15,015.12",0.96775204,0.8819148936170212,0.4499054820415879
1,"15,015.12",0.96775204,0.9606382978723405,0.4499054820415879
1,"15,015.12",0.96775204,0.9606382978723405,0.4725897920604915
1,"15,015.12",0.96775204,0.8819148936170212,0.4725897920604915
1,April,0.99889106,0.00851063829787234,0.4877126654064272
1,April,0.99889106,0.059574468085106386,0.4877126654064272
1,April,0.99889106,0.059574468085106386,0.5103969754253308
1,April,0.99889106,0.00851063829787234,0.5103969754253308
1,12,0.99889106,0.059574468085106386,0.4877126654064272
1,12,0.99889106,0.06914893617021277,0.4877126654064272
1,12,0.99889106,0.06914893617021277,0.5103969754253308
1,12,0.99889106,0.059574468085106386,0.5103969754253308
1,April,0.99537015,0.18723404255319148,0.4877126654064272
1,April,0.99537015,0.22828617501766124,0.4852398762405482
1,April,0.99537015,0.22828617501766124,0.5110945530334358
1,April,0.99537015,0.18723404255319148,0.5124133854597412
1,15,0.99537015,0.22828617501766124,0.4852398762405482
1,15,0.99537015,0.24886156447390292,0.48400053950924504
1,15,0.99537015,0.24886156447390292,0.510433550367734
1,15,0.99537015,0.22828617501766124,0.5110945530334358
1,Lazada,0.9867526,0.3414893617021277,0.4877126654064272
1,Lazada,0.9867526,0.39574468085106385,0.4877126654064272
1,Lazada,0.9867526,0.39574468085106385,0.5085066162570888
1,Lazada,0.9867526,0.3414893617021277,0.5085066162570888
1,Ph,0.9867526,0.4021276595744681,0.4877126654064272
1,Ph,0.9867526,0.42446808510638295,0.4877126654064272
1,Ph,0.9867526,0.42446808510638295,0.5085066162570888
1,Ph,0.9867526,0.4021276595744681,0.5085066162570888
1,Makati,0.99919623,0.5106382978723404,0.4877126654064272
1,Makati,0.99919623,0.5638297872340425,0.4877126654064272
1,Makati,0.99919623,0.5638297872340425,0.5085066162570888
1,Makati,0.99919623,0.5106382978723404,0.5085066162570888
1,558.50,0.9247599,0.9053191489361702,0.4877126654064272
1,558.50,0.9247599,0.9606382978723405,0.4877126654064272
1,558.50,0.9247599,0.9606382978723405,0.5103969754253308
1,558.50,0.9247599,0.9053191489361702,0.5103969754253308
1,April,0.95538676,0.007446808510638298,0.5217391304347826
1,April,0.95538676,0.04840425531914894,0.5217391304347826
1,April,0.95538676,0.04840425531914894,0.5482041587901701
1,April,0.95538676,0.007446808510638298,0.5482041587901701
1,12,0.95538676,0.04840425531914894,0.5217391304347826
1,12,0.95538676,0.06914893617021277,0.5217391304347826
1,12,0.95538676,0.06914893617021277,0.5482041587901701
1,12,0.95538676,0.04840425531914894,0.5482041587901701
1,April,0.99311393,0.18723404255319148,0.5236294896030246
1,April,0.99311393,0.2393617021276596,0.5236294896030246
1,April,0.99311393,0.2393617021276596,0.5463137996219282
1,April,0.99311393,0.18723404255319148,0.5463137996219282
1,15,0.99311393,0.2393617021276596,0.5236294896030246
1,15,0.99311393,0.2478723404255319,0.5236294896030246
1,15,0.99311393,0.2478723404255319,0.5463137996219282
1,15,0.99311393,0.2393617021276596,0.5463137996219282
1,Lazada,0.9867526,0.3414893617021277,0.5236294896030246
1,Lazada,0.9867526,0.39574468085106385,0.5236294896030246
1,Lazada,0.9867526,0.39574468085106385,0.5444234404536862
1,Lazada,0.9867526,0.3414893617021277,0.5444234404536862
1,Ph,0.9867526,0.4021276595744681,0.5236294896030246
1,Ph,0.9867526,0.42446808510638295,0.5236294896030246
1,Ph,0.9867526,0.42446808510638295,0.5444234404536862
1,Ph,0.9867526,0.4021276595744681,0.5444234404536862
1,Makati,0.9993605,0.5106382978723404,0.5217391304347826
1,Makati,0.9993605,0.5638297872340425,0.5217391304347826
1,Makati,0.9993605,0.5638297872340425,0.5463137996219282
1,Makati,0.9993605,0.5106382978723404,0.5463137996219282
1,751.20,0.9984004,0.9053191489361702,0.5217391304347826
1,751.20,0.9984004,0.9606382978723405,0.5217391304347826
1,751.20,0.9984004,0.9606382978723405,0.5463137996219282
1,751.20,0.9984004,0.9053191489361702,0.5463137996219282
1,April,0.9412739,0.007446808510638298,0.5595463137996219
1,April,0.9412739,0.047872340425531915,0.5595463137996219
1,April,0.9412739,0.047872340425531915,0.5860113421550095
1,April,0.9412739,0.007446808510638298,0.5860113421550095
1,12,0.9412739,0.047872340425531915,0.5595463137996219
1,12,0.9412739,0.07021276595744681,0.5595463137996219
1,12,0.9412739,0.07021276595744681,0.5860113421550095
1,12,0.9412739,0.047872340425531915,0.5860113421550095
1,April,0.9987321,0.18829787234042553,0.5614366729678639
1,April,0.9987321,0.2276595744680851,0.5614366729678639
1,April,0.9987321,0.2276595744680851,0.5841209829867675
1,April,0.9987321,0.18829787234042553,0.5841209829867675
1,15,0.9987321,0.2297872340425532,0.5614366729678639
1,15,0.9987321,0.2478723404255319,0.5614366729678639
1,15,0.9987321,0.2478723404255319,0.5841209829867675
1,15,0.9987321,0.2297872340425532,0.5841209829867675
1,Lazada,0.9867526,0.3414893617021277,0.5614366729678639
1,Lazada,0.9867526,0.39574468085106385,0.5614366729678639
1,Lazada,0.9867526,0.39574468085106385,0.5822306238185255
1,Lazada,0.9867526,0.3414893617021277,0.5822306238185255
1,Ph,0.9867526,0.4021276595744681,0.5614366729678639
1,Ph,0.9867526,0.42446808510638295,0.5614366729678639
1,Ph,0.9867526,0.42446808510638295,0.5822306238185255
1,Ph,0.9867526,0.4021276595744681,0.5822306238185255
1,Makati,0.99919623,0.5106382978723404,0.5614366729678639
1,Makati,0.99919623,0.5638297872340425,0.5614366729678639
1,Makati,0.99919623,0.5638297872340425,0.5822306238185255
1,Makati,0.99919623,0.5106382978723404,0.5822306238185255
1,"2,454.60",0.9895741,0.8904255319148936,0.5614366729678639
1,"2,454.60",0.9895741,0.9606382978723405,0.5614366729678639
1,"2,454.60",0.9895741,0.9606382978723405,0.5841209829867675
1,"2,454.60",0.9895741,0.8904255319148936,0.5841209829867675
1,April,0.9965807,0.007446808510638298,0.5954631379962193
1,April,0.9965807,0.05915331739060422,0.5939058761740903
1,April,0.9965807,0.05915331739060422,0.6189174255486473
1,April,0.9965807,0.007446808510638298,0.6219281663516069
1,14,0.9965807,0.05915331739060422,0.5939058761740903
1,14,0.9965807,0.06921873701379654,0.5936027195142664
1,14,0.9965807,0.06921873701379654,0.6183313611324432
1,14,0.9965807,0.05915331739060422,0.6189174255486473
1,April,0.9520544,0.18829787234042553,0.5973534971644613
1,April,0.9520544,0.22659574468085106,0.5973534971644613
1,April,0.9520544,0.22659574468085106,0.6181474480151229
1,April,0.9520544,0.18829787234042553,0.6181474480151229
1,15,0.9520544,0.22872340425531915,0.5973534971644613
1,15,0.9520544,0.2478723404255319,0.5973534971644613
1,15,0.9520544,0.2478723404255319,0.6181474480151229
1,15,0.9520544,0.22872340425531915,0.6181474480151229
1,Lazada,0.9867526,0.3414893617021277,0.5973534971644613
1,Lazada,0.9867526,0.39574468085106385,0.5973534971644613
1,Lazada,0.9867526,0.39574468085106385,0.6181474480151229
1,Lazada,0.9867526,0.3414893617021277,0.6181474480151229
1,Ph,0.9867526,0.4021276595744681,0.5973534971644613
1,Ph,0.9867526,0.42446808510638295,0.5973534971644613
1,Ph,0.9867526,0.42446808510638295,0.6181474480151229
1,Ph,0.9867526,0.4021276595744681,0.6181474480151229
1,Makati,0.92837447,0.5117021276595745,0.5973534971644613
1,Makati,0.92837447,0.5638297872340425,0.5973534971644613
1,Makati,0.92837447,0.5638297872340425,0.6181474480151229
1,Makati,0.92837447,0.5117021276595745,0.6181474480151229
1,47.34,0.99940634,0.9148936170212766,0.5954631379962193
1,47.34,0.99940634,0.9606382978723405,0.5954631379962193
1,47.34,0.99940634,0.9606382978723405,0.6181474480151229
1,47.34,0.99940634,0.9148936170212766,0.6181474480151229
1,April,0.97282183,0.007446808510638298,0.6332703213610587
1,April,0.97282183,0.04840425531914894,0.6332703213610587
1,April,0.97282183,0.04840425531914894,0.6578449905482041
1,April,0.97282183,0.007446808510638298,0.6578449905482041
1,14,0.97282183,0.04840425531914894,0.6332703213610587
1,14,0.97282183,0.06914893617021277,0.6332703213610587
1,14,0.97282183,0.06914893617021277,0.6578449905482041
1,14,0.97282183,0.04840425531914894,0.6578449905482041
1,April,0.9987321,0.18829787234042553,0.6332703213610587
1,April,0.9987321,0.2276595744680851,0.6332703213610587
1,April,0.9987321,0.2276595744680851,0.6559546313799622
1,April,0.9987321,0.18829787234042553,0.6559546313799622
1,15,0.9987321,0.2297872340425532,0.6332703213610587
1,15,0.9987321,0.2478723404255319,0.6332703213610587
1,15,0.9987321,0.2478723404255319,0.6559546313799622
1,15,0.9987321,0.2297872340425532,0.6559546313799622
1,Lazada,0.9867526,0.3414893617021277,0.6332703213610587
1,Lazada,0.9867526,0.39574468085106385,0.6332703213610587
1,Lazada,0.9867526,0.39574468085106385,0.6540642722117203
1,Lazada,0.9867526,0.3414893617021277,0.6540642722117203
1,Ph,0.9867526,0.4021276595744681,0.6332703213610587
1,Ph,0.9867526,0.42446808510638295,0.6332703213610587
1,Ph,0.9867526,0.42446808510638295,0.6540642722117203
1,Ph,0.9867526,0.4021276595744681,0.6540642722117203
1,Makati,0.9937146,0.5106382978723404,0.6332703213610587
1,Makati,0.9937146,0.5648936170212766,0.6332703213610587
1,Makati,0.9937146,0.5648936170212766,0.6559546313799622
1,Makati,0.9937146,0.5106382978723404,0.6559546313799622
1,225.12,0.94599104,0.9053191489361702,0.6332703213610587
1,225.12,0.94599104,0.9606382978723405,0.6332703213610587
1,225.12,0.94599104,0.9606382978723405,0.6559546313799622
1,225.12,0.94599104,0.9053191489361702,0.6559546313799622
1,April,0.99889106,0.00851063829787234,0.6710775047258979
1,April,0.99889106,0.059574468085106386,0.6710775047258979
1,April,0.99889106,0.059574468085106386,0.6937618147448015
1,April,0.99889106,0.00851063829787234,0.6937618147448015
1,12,0.99889106,0.059574468085106386,0.6710775047258979
1,12,0.99889106,0.06914893617021277,0.6710775047258979
1,12,0.99889106,0.06914893617021277,0.6937618147448015
1,12,0.99889106,0.059574468085106386,0.6937618147448015
1,April,0.9987321,0.18829787234042553,0.6710775047258979
1,April,0.9987321,0.2276595744680851,0.6710775047258979
1,April,0.9987321,0.2276595744680851,0.6937618147448015
1,April,0.9987321,0.18829787234042553,0.6937618147448015
1,15,0.9987321,0.2297872340425532,0.6710775047258979
1,15,0.9987321,0.2478723404255319,0.6710775047258979
1,15,0.9987321,0.2478723404255319,0.6937618147448015
1,15,0.9987321,0.2297872340425532,0.6937618147448015
1,Sip,0.9802801,0.3414893617021277,0.6710775047258979
1,Sip,0.9802801,0.3648936170212766,0.6710775047258979
1,Sip,0.9802801,0.3648936170212766,0.6918714555765595
1,Sip,0.9802801,0.3414893617021277,0.6918714555765595
1,Loan,0.9802801,0.36914893617021277,0.6710775047258979
1,Loan,0.9802801,0.4085106382978723,0.6710775047258979
1,Loan,0.9802801,0.4085106382978723,0.6918714555765595
1,Loan,0.9802801,0.36914893617021277,0.6918714555765595
1,Service,0.9802801,0.41595744680851066,0.6710775047258979
1,Service,0.9802801,0.474468085106383,0.6710775047258979
1,Service,0.9802801,0.474468085106383,0.6918714555765595
1,Service,0.9802801,0.41595744680851066,0.6918714555765595
1,Fee,0.9802801,0.4797872340425532,0.6710775047258979
1,Fee,0.9802801,0.5106382978723404,0.6710775047258979
1,Fee,0.9802801,0.5106382978723404,0.6918714555765595
1,Fee,0.9802801,0.4797872340425532,0.6918714555765595
1,300.00,0.9993725,0.9053191489361702,0.6710775047258979
1,300.00,0.9993725,0.9606382978723405,0.6710775047258979
1,300.00,0.9993725,0.9606382978723405,0.6937618147448015
1,300.00,0.9993725,0.9053191489361702,0.6937618147448015
1,April,0.9412739,0.007446808510638298,0.7051039697542533
1,April,0.9412739,0.047872340425531915,0.7051039697542533
1,April,0.9412739,0.047872340425531915,0.7315689981096408
1,April,0.9412739,0.007446808510638298,0.7315689981096408
1,12,0.9412739,0.047872340425531915,0.7051039697542533
1,12,0.9412739,0.07021276595744681,0.7051039697542533
1,12,0.9412739,0.07021276595744681,0.7315689981096408
1,12,0.9412739,0.047872340425531915,0.7315689981096408
1,April,0.9520544,0.18829787234042553,0.7069943289224953
1,April,0.9520544,0.22659574468085106,0.7069943289224953
1,April,0.9520544,0.22659574468085106,0.7277882797731569
1,April,0.9520544,0.18829787234042553,0.7277882797731569
1,15,0.9520544,0.22872340425531915,0.7069943289224953
1,15,0.9520544,0.2478723404255319,0.7069943289224953
1,15,0.9520544,0.2478723404255319,0.7277882797731569
1,15,0.9520544,0.22872340425531915,0.7277882797731569
1,Shell,0.9464201,0.3404255319148936,0.7051039697542533
1,Shell,0.9464201,0.3813848941884142,0.7053817431732927
1,Shell,0.9464201,0.3813848941884142,0.7284590319108872
1,Shell,0.9464201,0.3404255319148936,0.7279233301519672
1,Double,0.9464201,0.38239548054147277,0.7053886081861414
1,Double,0.9464201,0.44093465602144283,0.7057856251476843
1,Double,0.9464201,0.44093465602144283,0.7292379512678698
1,Double,0.9464201,0.38239548054147277,0.728472242733932
1,K,0.9464201,0.4451129345183677,0.705814008226016
1,K,0.9464201,0.45559984572390294,0.7058850813002127
1,K,0.9464201,0.45559984572390294,0.7294297678033436
1,K,0.9464201,0.4451129345183677,0.7292926406139236
1,San,0.9464201,0.4619203608086769,0.7059279443636283
1,San,0.9464201,0.4959939185609209,0.7061590472331345
1,San,0.9464201,0.4959939185609209,0.7299581430359464
1,San,0.9464201,0.4619203608086769,0.729512436403444
1,Fel,0.9464201,0.49814410919838764,0.7061736425965855
1,Fel,0.9464201,0.5306932489922707,0.7063944191022271
1,Fel,0.9464201,0.5306932489922707,0.7304119838433365
1,Fel,0.9464201,0.49814410919838764,0.7299862376683601
1,Batangas,0.9464201,0.5416678246031417,0.7064688381490726
1,Batangas,0.9464201,0.6180036179562832,0.7069865408827091
1,Batangas,0.9464201,0.6180036179562832,0.7315539989219045
1,Batangas,0.9464201,0.5416678246031417,0.7305555722213197
1,"1,364.18",0.86982256,0.8914893617021277,0.7069943289224953
1,"1,364.18",0.86982256,0.9606382978723405,0.7069943289224953
1,"1,364.18",0.86982256,0.9606382978723405,0.7296786389413988
1,"1,364.18",0.86982256,0.8914893617021277,0.7296786389413988
1,April,0.9412739,0.007446808510638298,0.7429111531190926
1,April,0.9412739,0.047872340425531915,0.7429111531190926
1,April,0.9412739,0.047872340425531915,0.7693761814744802
1,April,0.9412739,0.007446808510638298,0.7693761814744802
1,12,0.9412739,0.047872340425531915,0.7429111531190926
1,12,0.9412739,0.07021276595744681,0.7429111531190926
1,12,0.9412739,0.07021276595744681,0.7693761814744802
1,12,0.9412739,0.047872340425531915,0.7693761814744802
1,April,0.9520544,0.18829787234042553,0.7448015122873346
1,April,0.9520544,0.22659574468085106,0.7448015122873346
1,April,0.9520544,0.22659574468085106,0.7655954631379962
1,April,0.9520544,0.18829787234042553,0.7655954631379962
1,15,0.9520544,0.22872340425531915,0.7448015122873346
1,15,0.9520544,0.2478723404255319,0.7448015122873346
1,15,0.9520544,0.2478723404255319,0.7655954631379962
1,15,0.9520544,0.22872340425531915,0.7655954631379962
1,Ssd,0.99153423,0.3404255319148936,0.7429111531190926
1,Ssd,0.99153423,0.3707212732193318,0.7442083521015477
1,Ssd,0.99153423,0.3707212732193318,0.7662939637730387
1,Ssd,0.99153423,0.3404255319148936,0.7655954631379962
1,R,0.99153423,0.37290191650390625,0.7443016932006143
1,R,0.99153423,0.3858090989133145,0.7448543555795132
1,R,0.99153423,0.3858090989133145,0.7666418295501536
1,R,0.99153423,0.37290191650390625,0.7663442110519554
1,Lipa,0.99153423,0.392151333423371,0.7451259562559074
1,Lipa,0.99153423,0.42774051098113364,0.7466497583515477
1,Lipa,0.99153423,0.42774051098113364,0.7676085848889413
1,Lipa,0.99153423,0.392151333423371,0.7667880139413988
1,Lipa,0.999782,0.5074468085106383,0.7429111531190926
1,Lipa,0.999782,0.5436170212765957,0.7429111531190926
1,Lipa,0.999782,0.5436170212765957,0.7712665406427222
1,Lipa,0.999782,0.5074468085106383,0.7712665406427222
1,"2,977.50",0.8860495,0.8904255319148936,0.7448015122873346
1,"2,977.50",0.8860495,0.9606382978723405,0.7448015122873346
1,"2,977.50",0.8860495,0.9606382978723405,0.7674858223062382
1,"2,977.50",0.8860495,0.8904255319148936,0.7674858223062382
1,April,0.9529227,0.007446808510638298,0.77882797731569
1,April,0.9529227,0.047872340425531915,0.77882797731569
1,April,0.9529227,0.047872340425531915,0.8034026465028355
1,April,0.9529227,0.007446808510638298,0.8034026465028355
1,12,0.9529227,0.047872340425531915,0.77882797731569
1,12,0.9529227,0.07021276595744681,0.77882797731569
1,12,0.9529227,0.07021276595744681,0.8034026465028355
1,12,0.9529227,0.047872340425531915,0.8034026465028355
1,April,0.99537015,0.18723404255319148,0.780718336483932
1,April,0.99537015,0.22828617501766124,0.778245547318053
1,April,0.99537015,0.22828617501766124,0.8041002241109405
1,April,0.99537015,0.18723404255319148,0.805419056537246
1,15,0.99537015,0.22828617501766124,0.778245547318053
1,15,0.99537015,0.24886156447390292,0.7770062105867498
1,15,0.99537015,0.24886156447390292,0.8034392214452386
1,15,0.99537015,0.22828617501766124,0.8041002241109405
1,Ssd,0.9967108,0.3393617021276596,0.776937618147448
1,Ssd,0.9967108,0.3716300477372839,0.7782867950843277
1,Ssd,0.9967108,0.3716300477372839,0.8041222036898925
1,Ssd,0.9967108,0.3393617021276596,0.8034026465028355
1,R,0.9967108,0.37271536969124003,0.7783321387826382
1,R,0.9967108,0.38453774959483045,0.7788264197077327
1,R,0.9967108,0.38453774959483045,0.8044100150268786
1,R,0.9967108,0.37271536969124003,0.8041463754578214
1,Lipa,0.9967108,0.3919516705452128,0.7791364413804053
1,Lipa,0.9967108,0.428793562219498,0.7806768002717391
1,Lipa,0.9967108,0.428793562219498,0.8053968462015595
1,Lipa,0.9967108,0.3919516705452128,0.8045753522270794
1,Lipa,0.999782,0.5074468085106383,0.77882797731569
1,Lipa,0.999782,0.5436170212765957,0.77882797731569
1,Lipa,0.999782,0.5436170212765957,0.8071833648393195
1,Lipa,0.999782,0.5074468085106383,0.8071833648393195
1,"3,523.20",0.9858784,0.8904255319148936,0.780718336483932
1,"3,523.20",0.9858784,0.9606382978723405,0.780718336483932
1,"3,523.20",0.9858784,0.9606382978723405,0.8034026465028355
1,"3,523.20",0.9858784,0.8904255319148936,0.8034026465028355
1,April,0.99889207,0.00851063829787234,0.8166351606805293
1,April,0.99889207,0.059574468085106386,0.8166351606805293
1,April,0.99889207,0.059574468085106386,0.8393194706994329
1,April,0.99889207,0.00851063829787234,0.8393194706994329
1,15,0.99889207,0.059574468085106386,0.8166351606805293
1,15,0.99889207,0.06914893617021277,0.8166351606805293
1,15,0.99889207,0.06914893617021277,0.8393194706994329
1,15,0.99889207,0.059574468085106386,0.8393194706994329
1,April,0.9520544,0.18829787234042553,0.8166351606805293
1,April,0.9520544,0.22659574468085106,0.8166351606805293
1,April,0.9520544,0.22659574468085106,0.8374291115311909
1,April,0.9520544,0.18829787234042553,0.8374291115311909
1,15,0.9520544,0.22872340425531915,0.8166351606805293
1,15,0.9520544,0.2478723404255319,0.8166351606805293
1,15,0.9520544,0.2478723404255319,0.8374291115311909
1,15,0.9520544,0.22872340425531915,0.8374291115311909
1,Balance,0.8927458,0.34140784080992354,0.8166351606805293
1,Balance,0.8927458,0.4015068216526762,0.8166351606805293
1,Balance,0.8927458,0.4015068216526762,0.8379868505582467
1,Balance,0.8927458,0.34140784080992354,0.8375811802191635
1,Conversion,0.8927458,0.4086703361348903,0.8166351606805293
1,Conversion,0.8927458,0.498318254186752,0.8166351606805293
1,Conversion,0.8927458,0.498318254186752,0.8386402959408967
1,Conversion,0.8927458,0.4086703361348903,0.8380351940941044
1,Adjustment,0.8927458,0.5048383022876496,0.8166351606805293
1,Adjustment,0.8927458,0.5977840991730385,0.8166351606805293
1,Adjustment,0.8927458,0.5977840991730385,0.8393116826596467
1,Adjustment,0.8927458,0.5048383022876496,0.8386843127879844
1,"-15,015.12",0.9682719,0.874468085106383,0.8166351606805293
1,"-15,015.12",0.9682719,0.9606382978723405,0.8166351606805293
1,"-15,015.12",0.9682719,0.9606382978723405,0.8374291115311909
1,"-15,015.12",0.9682719,0.874468085106383,0.8374291115311909
1,April,0.9049846,0.00851063829787234,0.8544423440453687
1,April,0.9049846,0.06063829787234042,0.8544423440453687
1,April,0.9049846,0.06063829787234042,0.8771266540642723
1,April,0.9049846,0.00851063829787234,0.8771266540642723
1,17,0.9049846,0.06063829787234042,0.8544423440453687
1,17,0.9049846,0.06914893617021277,0.8544423440453687
1,17,0.9049846,0.06914893617021277,0.8771266540642723
1,17,0.9049846,0.06063829787234042,0.8771266540642723
1,April,0.99901944,0.18829787234042553,0.8544423440453687
1,April,0.99901944,0.2276595744680851,0.8544423440453687
1,April,0.99901944,0.2276595744680851,0.8771266540642723
1,April,0.99901944,0.18829787234042553,0.8771266540642723
1,18,0.99901944,0.2297872340425532,0.8544423440453687
1,18,0.99901944,0.2478723404255319,0.8544423440453687
1,18,0.99901944,0.2478723404255319,0.8771266540642723
1,18,0.99901944,0.2297872340425532,0.8771266540642723
1,Lazada,0.9867526,0.3414893617021277,0.8544423440453687
1,Lazada,0.9867526,0.39574468085106385,0.8544423440453687
1,Lazada,0.9867526,0.39574468085106385,0.8752362948960303
1,Lazada,0.9867526,0.3414893617021277,0.8752362948960303
1,Ph,0.9867526,0.4021276595744681,0.8544423440453687
1,Ph,0.9867526,0.42446808510638295,0.8544423440453687
1,Ph,0.9867526,0.42446808510638295,0.8752362948960303
1,Ph,0.9867526,0.4021276595744681,0.8752362948960303
1,Makati,0.99967885,0.5106382978723404,0.8525519848771267
1,Makati,0.99967885,0.5648936170212766,0.8525519848771267
1,Makati,0.99967885,0.5648936170212766,0.8771266540642723
1,Makati,0.99967885,0.5106382978723404,0.8771266540642723
1,"2,039.89",0.97354734,0.8904255319148936,0.8544423440453687
1,"2,039.89",0.97354734,0.9606382978723405,0.8544423440453687
1,"2,039.89",0.97354734,0.9606382978723405,0.8771266540642723
1,"2,039.89",0.97354734,0.8904255319148936,0.8771266540642723
1,April,0.9969741,0.00851063829787234,0.8903591682419659
1,April,0.9969741,0.04734042553191489,0.8903591682419659
1,April,0.9969741,0.04734042553191489,0.9130434782608695
1,April,0.9969741,0.00851063829787234,0.9130434782608695
1,20,0.9969741,0.04734042553191489,0.8903591682419659
1,20,0.9969741,0.06808510638297872,0.8903591682419659
1,20,0.9969741,0.06808510638297872,0.9130434782608695
1,20,0.9969741,0.04734042553191489,0.9130434782608695
1,April,0.92950666,0.18829787234042553,0.8903591682419659
1,April,0.92950666,0.22659574468085106,0.8903591682419659
1,April,0.92950666,0.22659574468085106,0.9111531190926276
1,April,0.92950666,0.18829787234042553,0.9111531190926276
1,22,0.92950666,0.2276595744680851,0.8903591682419659
1,22,0.92950666,0.24893617021276596,0.8903591682419659
1,22,0.92950666,0.24893617021276596,0.9111531190926276
1,22,0.92950666,0.2276595744680851,0.9111531190926276
1,Lazada,0.9867526,0.3414893617021277,0.8903591682419659
1,Lazada,0.9867526,0.39574468085106385,0.8903591682419659
1,Lazada,0.9867526,0.39574468085106385,0.9111531190926276
1,Lazada,0.9867526,0.3414893617021277,0.9111531190926276
1,Ph,0.9867526,0.4021276595744681,0.8903591682419659
1,Ph,0.9867526,0.42446808510638295,0.8903591682419659
1,Ph,0.9867526,0.42446808510638295,0.9111531190926276
1,Ph,0.9867526,0.4021276595744681,0.9111531190926276
1,Makati,0.9993605,0.5106382978723404,0.888468809073724
1,Makati,0.9993605,0.5638297872340425,0.888468809073724
1,Makati,0.9993605,0.5638297872340425,0.9130434782608695
1,Makati,0.9993605,0.5106382978723404,0.9130434782608695
1,427.45,0.9065688,0.9053191489361702,0.888468809073724
1,427.45,0.9065688,0.9606382978723405,0.888468809073724
1,427.45,0.9065688,0.9606382978723405,0.9130434782608695
1,427.45,0.9065688,0.9053191489361702,0.9130434782608695
1,April,0.9511483,0.00851063829787234,0.9262759924385633
1,April,0.9511483,0.04734042553191489,0.9262759924385633
1,April,0.9511483,0.04734042553191489,0.9489603024574669
1,April,0.9511483,0.00851063829787234,0.9489603024574669
1,20,0.9511483,0.04734042553191489,0.9262759924385633
1,20,0.9511483,0.06914893617021277,0.9262759924385633
1,20,0.9511483,0.06914893617021277,0.9489603024574669
1,20,0.9511483,0.04734042553191489,0.9489603024574669
1,April,0.9995979,0.18829787234042553,0.9262759924385633
1,April,0.9995979,0.2271276595744681,0.9262759924385633
1,April,0.9995979,0.2271276595744681,0.9489603024574669
1,April,0.9995979,0.18829787234042553,0.9489603024574669
1,22,0.9995979,0.2271276595744681,0.9262759924385633
1,22,0.9995979,0.24893617021276596,0.9262759924385633
1,22,0.9995979,0.24893617021276596,0.9489603024574669
1,22,0.9995979,0.2271276595744681,0.9489603024574669
1,Lazada,0.9867526,0.3414893617021277,0.9262759924385633
1,Lazada,0.9867526,0.39574468085106385,0.9262759924385633
1,Lazada,0.9867526,0.39574468085106385,0.947069943289225
1,Lazada,0.9867526,0.3414893617021277,0.947069943289225
1,Ph,0.9867526,0.4021276595744681,0.9262759924385633
1,Ph,0.9867526,0.42446808510638295,0.9262759924385633
1,Ph,0.9867526,0.42446808510638295,0.947069943289225
1,Ph,0.9867526,0.4021276595744681,0.947069943289225
1,Makati,0.99919623,0.5106382978723404,0.9262759924385633
1,Makati,0.99919623,0.5638297872340425,0.9262759924385633
1,Makati,0.99919623,0.5638297872340425,0.947069943289225
1,Makati,0.99919623,0.5106382978723404,0.947069943289225
1,"1,130.34",0.99710196,0.8914893617021277,0.9262759924385633
1,"1,130.34",0.99710196,0.9606382978723405,0.9262759924385633
1,"1,130.34",0.99710196,0.9606382978723405,0.9489603024574669
1,"1,130.34",0.99710196,0.8914893617021277,0.9489603024574669
